Model,Threshold,Accuracy,Precision,Recall,F1,ROC-AUC,PR-AUC,MCC,G-Mean,Experiment,Exp_Name,N_Features,Balancing
LogReg,0.5,0.6157,0.2672,0.4397,0.3324,0.5672,0.278,0.0899,0.5406,1,Original 7 CK Features,7,smote
DTree,0.5,0.6574,0.2811,0.3688,0.319,0.5547,0.2433,0.0973,0.5216,1,Original 7 CK Features,7,smote
RF,0.5,0.7253,0.3445,0.2908,0.3154,0.5915,0.3365,0.1459,0.496,1,Original 7 CK Features,7,smote
ExtraTrees,0.5,0.7423,0.3796,0.2908,0.3293,0.611,0.3324,0.1756,0.5023,1,Original 7 CK Features,7,smote
SVM,0.5,0.6404,0.3051,0.5106,0.382,0.5973,0.2969,0.1605,0.5878,1,Original 7 CK Features,7,smote
XGBoost,0.5,0.7315,0.3398,0.2482,0.2869,0.5822,0.3364,0.1288,0.4636,1,Original 7 CK Features,7,smote
LightGBM,0.5,0.7407,0.3636,0.2553,0.3,0.6011,0.3554,0.1503,0.4729,1,Original 7 CK Features,7,smote
HistGB,0.5,0.7099,0.3058,0.2624,0.2824,0.5993,0.3472,0.1024,0.4679,1,Original 7 CK Features,7,smote
MLP,0.5,0.6559,0.3066,0.461,0.3683,0.6037,0.3533,0.1504,0.5721,1,Original 7 CK Features,7,smote
LogReg,0.5,0.6294,0.3058,0.5903,0.4028,0.6376,0.3226,0.1913,0.6146,2,CK + OO Metrics,18,smote
DTree,0.5,0.7015,0.3333,0.4097,0.3676,0.5959,0.2639,0.1765,0.5653,2,CK + OO Metrics,18,smote
RF,0.5,0.7794,0.4667,0.2917,0.359,0.6813,0.4567,0.2437,0.5153,2,CK + OO Metrics,18,smote
ExtraTrees,0.5,0.775,0.4536,0.3056,0.3651,0.6798,0.4042,0.2415,0.5247,2,CK + OO Metrics,18,smote
SVM,0.5,0.6912,0.3578,0.5764,0.4415,0.6824,0.4004,0.2571,0.6451,2,CK + OO Metrics,18,smote
XGBoost,0.5,0.7956,0.5309,0.2986,0.3822,0.6934,0.4717,0.2872,0.5267,2,CK + OO Metrics,18,smote
LightGBM,0.5,0.8059,0.5769,0.3125,0.4054,0.7106,0.4868,0.3217,0.5415,2,CK + OO Metrics,18,smote
HistGB,0.5,0.7956,0.5309,0.2986,0.3822,0.7073,0.4884,0.2872,0.5267,2,CK + OO Metrics,18,smote
MLP,0.5,0.725,0.3697,0.4236,0.3948,0.6524,0.398,0.2188,0.5843,2,CK + OO Metrics,18,smote
LogReg,0.5,0.6287,0.2664,0.4043,0.3211,0.5517,0.2796,0.0835,0.5285,3,"CK + Complexity (max_cc, avg_cc)",9,smote
DTree,0.5,0.678,0.2901,0.3333,0.3102,0.554,0.2425,0.1019,0.5078,3,"CK + Complexity (max_cc, avg_cc)",9,smote
RF,0.5,0.7411,0.3714,0.2766,0.3171,0.6244,0.3296,0.1642,0.4906,3,"CK + Complexity (max_cc, avg_cc)",9,smote
ExtraTrees,0.5,0.7519,0.3936,0.2624,0.3149,0.624,0.3217,0.176,0.4827,3,"CK + Complexity (max_cc, avg_cc)",9,smote
SVM,0.5,0.6518,0.3059,0.4752,0.3722,0.6037,0.3394,0.1535,0.5771,3,"CK + Complexity (max_cc, avg_cc)",9,smote
XGBoost,0.5,0.7365,0.35,0.2482,0.2905,0.6269,0.3503,0.1374,0.4653,3,"CK + Complexity (max_cc, avg_cc)",9,smote
LightGBM,0.5,0.7612,0.4167,0.2482,0.3111,0.6328,0.3425,0.1865,0.4736,3,"CK + Complexity (max_cc, avg_cc)",9,smote
HistGB,0.5,0.7473,0.3736,0.2411,0.2931,0.6412,0.3481,0.1531,0.4627,3,"CK + Complexity (max_cc, avg_cc)",9,smote
MLP,0.5,0.7042,0.3053,0.2837,0.2941,0.5811,0.3001,0.1074,0.4826,3,"CK + Complexity (max_cc, avg_cc)",9,smote
LogReg,0.5,0.6574,0.3184,0.5417,0.401,0.638,0.3148,0.1958,0.6107,4,All Raw Features (CK+OO+CC),20,smote
DTree,0.5,0.7221,0.3529,0.375,0.3636,0.5962,0.2674,0.1862,0.5529,4,All Raw Features (CK+OO+CC),20,smote
RF,0.5,0.7985,0.5432,0.3056,0.3911,0.6941,0.4908,0.2983,0.5334,4,All Raw Features (CK+OO+CC),20,smote
ExtraTrees,0.5,0.8059,0.5732,0.3264,0.4159,0.691,0.4603,0.3276,0.5523,4,All Raw Features (CK+OO+CC),20,smote
SVM,0.5,0.7044,0.3687,0.5556,0.4432,0.6915,0.4329,0.2629,0.6431,4,All Raw Features (CK+OO+CC),20,smote
XGBoost,0.5,0.7956,0.5333,0.2778,0.3653,0.6929,0.4786,0.2771,0.5095,4,All Raw Features (CK+OO+CC),20,smote
LightGBM,0.5,0.8103,0.6087,0.2917,0.3944,0.7031,0.493,0.3265,0.5263,4,All Raw Features (CK+OO+CC),20,smote
HistGB,0.5,0.8088,0.6,0.2917,0.3925,0.718,0.4951,0.3219,0.5258,4,All Raw Features (CK+OO+CC),20,smote
MLP,0.5,0.7647,0.4429,0.4306,0.4366,0.6735,0.3857,0.288,0.6065,4,All Raw Features (CK+OO+CC),20,smote
LogReg,0.5,0.6454,0.3137,0.5903,0.4096,0.6765,0.3604,0.2082,0.6241,5,CK + Engineered Features,24,smote
DTree,0.5,0.7598,0.4329,0.4931,0.461,0.662,0.3204,0.3084,0.6397,5,CK + Engineered Features,24,smote
RF,0.5,0.822,0.6129,0.3958,0.481,0.7985,0.5887,0.3928,0.6081,5,CK + Engineered Features,24,smote
ExtraTrees,0.5,0.8104,0.567,0.3819,0.4564,0.7779,0.5492,0.3568,0.5938,5,CK + Engineered Features,24,smote
SVM,0.5,0.7236,0.4,0.6528,0.496,0.7639,0.4835,0.3387,0.6961,5,CK + Engineered Features,24,smote
XGBoost,0.5,0.8249,0.6211,0.4097,0.4937,0.8034,0.603,0.4056,0.6187,5,CK + Engineered Features,24,smote
LightGBM,0.5,0.8321,0.6628,0.3958,0.4957,0.8151,0.6007,0.4218,0.6122,5,CK + Engineered Features,24,smote
HistGB,0.5,0.8307,0.6667,0.375,0.48,0.8084,0.5959,0.4112,0.5971,5,CK + Engineered Features,24,smote
MLP,0.5,0.7554,0.4138,0.4167,0.4152,0.6979,0.4283,0.2606,0.5932,5,CK + Engineered Features,24,smote
LogReg,0.5,0.6454,0.3137,0.5903,0.4096,0.6765,0.3604,0.2082,0.6241,6,All Raw + Engineered Features,24,smote
DTree,0.5,0.7511,0.4157,0.4792,0.4452,0.6518,0.3101,0.287,0.6278,6,All Raw + Engineered Features,24,smote
RF,0.5,0.8249,0.6211,0.4097,0.4937,0.7934,0.5811,0.4056,0.6187,6,All Raw + Engineered Features,24,smote
ExtraTrees,0.5,0.8104,0.5657,0.3889,0.4609,0.7703,0.5444,0.3597,0.5986,6,All Raw + Engineered Features,24,smote
SVM,0.5,0.7236,0.4,0.6528,0.496,0.7639,0.4835,0.3387,0.6961,6,All Raw + Engineered Features,24,smote
XGBoost,0.5,0.8249,0.6211,0.4097,0.4937,0.8034,0.603,0.4056,0.6187,6,All Raw + Engineered Features,24,smote
LightGBM,0.5,0.8321,0.6628,0.3958,0.4957,0.8151,0.6007,0.4218,0.6122,6,All Raw + Engineered Features,24,smote
HistGB,0.5,0.8307,0.6667,0.375,0.48,0.8084,0.5959,0.4112,0.5971,6,All Raw + Engineered Features,24,smote
MLP,0.5,0.7438,0.4024,0.4722,0.4345,0.716,0.4431,0.2717,0.6205,6,All Raw + Engineered Features,24,smote
LogReg,0.5,0.6295,0.2778,0.4861,0.3535,0.6139,0.2896,0.1294,0.5695,7,Feature Selected (k=10),10,smote
DTree,0.5,0.7598,0.4286,0.4583,0.443,0.6512,0.3188,0.2903,0.6202,7,Feature Selected (k=10),10,smote
RF,0.5,0.8162,0.581,0.4236,0.49,0.7742,0.5477,0.3883,0.6241,7,Feature Selected (k=10),10,smote
ExtraTrees,0.5,0.8032,0.5377,0.3958,0.456,0.7651,0.5336,0.3452,0.6003,7,Feature Selected (k=10),10,smote
SVM,0.5,0.6918,0.3519,0.5694,0.435,0.7087,0.4338,0.2521,0.6421,7,Feature Selected (k=10),10,smote
XGBoost,0.5,0.8249,0.6055,0.4583,0.5217,0.7771,0.5562,0.4231,0.6498,7,Feature Selected (k=10),10,smote
LightGBM,0.5,0.8263,0.6364,0.3889,0.4828,0.7834,0.5523,0.4025,0.6051,7,Feature Selected (k=10),10,smote
HistGB,0.5,0.8177,0.5918,0.4028,0.4793,0.7871,0.5573,0.3838,0.611,7,Feature Selected (k=10),10,smote
MLP,0.5,0.7294,0.3951,0.5625,0.4642,0.7364,0.4702,0.2986,0.6595,7,Feature Selected (k=10),10,smote
LightGBM_Tuned,0.5,0.7941,0.5286,0.2569,0.3458,0.7038,0.4793,0.2627,0.491,8,Tuned + Threshold Opt,20,smote
LightGBM_Tuned_OptThr,0.4399999999999999,0.7853,0.4889,0.3056,0.3761,0.7038,0.4793,0.2649,0.5285,8,Tuned + Threshold Opt,20,smote
XGBoost_Tuned,0.5,0.8015,0.5652,0.2708,0.3662,0.7093,0.4908,0.2907,0.5056,8,Tuned + Threshold Opt,20,smote
