Project,Samples,DefRate,Accuracy,Precision,Recall,F1,AUC-ROC,Threshold
ant-1.7,672,13.8%,0.8074,0.3158,0.3158,0.3158,0.7155,0.26
camel-1.6,878,11.5%,0.8295,0.1875,0.15,0.1667,0.6237,0.32
ivy-2.0,340,8.2%,0.8529,0.25,0.3333,0.2857,0.5699,0.2
jedit-4.3,491,2.0%,0.9697,0.0,0.0,0.0,0.8247,0.2
log4j-1.2,34,52.9%,0.5714,0.5714,1.0,0.7273,0.9167,0.38
lucene-2.4,206,33.5%,0.7857,0.7273,0.5714,0.64,0.824,0.58
poi-3.0,362,55.5%,0.7945,0.8421,0.7805,0.8101,0.883,0.7
synapse-1.2,222,23.4%,0.7556,0.5,0.5455,0.5217,0.7807,0.2
velocity-1.6,185,18.4%,0.8378,0.6,0.4286,0.5,0.8714,0.74
xerces-1.4,332,54.5%,0.8955,0.8571,0.973,0.9114,0.9099,0.28
