Label,N_Features,Threshold,Accuracy,Precision,Recall,F1,ROC_AUC,PR_AUC,Bal_Acc,MCC
A_CK_only_7,7,0.5,0.6667,0.5664,0.5226,0.5436,0.6826,0.5953,0.6388,0.2823
B_CK_eng_19,19,0.5,0.6397,0.526,0.5226,0.5243,0.6863,0.5821,0.617,0.2343
C_ALL_RAW_20,20,0.5,0.7089,0.6156,0.5728,0.5934,0.7606,0.6917,0.681,0.3678
D_ALL_RAW_ENG_32,32,0.5,0.7019,0.6013,0.5823,0.5916,0.7585,0.6889,0.6773,0.3571
D_ALL_RAW_ENG_32_LightGBM_300,32,0.5,0.7019,0.6013,0.5823,0.5916,0.7585,0.6889,0.6773,0.3571
D_ALL_RAW_ENG_32_LightGBM_600,32,0.5,0.716,0.6171,0.6171,0.6171,0.7615,0.6918,0.6957,0.3913
D_ALL_RAW_ENG_32_XGBoost_300,32,0.5,0.7171,0.6271,0.5854,0.6056,0.7752,0.712,0.6901,0.386
D_ALL_RAW_ENG_32_ExtraTrees_300,32,0.5,0.6984,0.5967,0.5759,0.5862,0.7405,0.6181,0.6732,0.3491
D_ALL_RAW_ENG_32_RF_300,32,0.5,0.696,0.5911,0.5854,0.5882,0.7533,0.6688,0.6733,0.3473
D_ALL_RAW_ENG_32_HistGB,32,0.5,0.7136,0.6154,0.6076,0.6115,0.7601,0.6752,0.6919,0.3847
