Model,Threshold,Accuracy,Precision,Recall,F1,ROC-AUC,PR-AUC,Balanced_Acc,MCC,Test_Project,Training_Projects,Test_Samples
ant-1.7,0.5,0.571,0.2721,0.5,0.3524,0.5643,0.2976,0.5463,0.0792,ant-1.7,"camel-1.6,ivy-2.0,jedit-4.3,log4j-1.2,lucene-2.4,poi-3.0,synapse-1.2,velocity-1.6,xerces-1.4",711
camel-1.6,0.5,0.6492,0.2389,0.2935,0.2634,0.5219,0.2328,0.5197,0.0367,camel-1.6,"ant-1.7,ivy-2.0,jedit-4.3,log4j-1.2,lucene-2.4,poi-3.0,synapse-1.2,velocity-1.6,xerces-1.4",861
ivy-2.0,0.5,0.6696,0.2097,0.65,0.3171,0.7433,0.3711,0.6611,0.2158,ivy-2.0,"ant-1.7,camel-1.6,jedit-4.3,log4j-1.2,lucene-2.4,poi-3.0,synapse-1.2,velocity-1.6,xerces-1.4",339
jedit-4.3,0.5,0.5632,0.0243,0.625,0.0467,0.6467,0.0726,0.5935,0.0489,jedit-4.3,"ant-1.7,camel-1.6,ivy-2.0,log4j-1.2,lucene-2.4,poi-3.0,synapse-1.2,velocity-1.6,xerces-1.4",467
log4j-1.2,0.5,0.335,0.9643,0.2919,0.4481,0.6065,0.9536,0.5793,0.093,log4j-1.2,"ant-1.7,camel-1.6,ivy-2.0,jedit-4.3,lucene-2.4,poi-3.0,synapse-1.2,velocity-1.6,xerces-1.4",200
lucene-2.4,0.5,0.5417,0.6891,0.4121,0.5157,0.5975,0.7067,0.571,0.1459,lucene-2.4,"ant-1.7,camel-1.6,ivy-2.0,jedit-4.3,log4j-1.2,poi-3.0,synapse-1.2,velocity-1.6,xerces-1.4",336
poi-3.0,0.5,0.5556,0.7895,0.415,0.544,0.6389,0.7642,0.6096,0.2229,poi-3.0,"ant-1.7,camel-1.6,ivy-2.0,jedit-4.3,log4j-1.2,lucene-2.4,synapse-1.2,velocity-1.6,xerces-1.4",396
synapse-1.2,0.5,0.6571,0.5185,0.3256,0.4,0.6027,0.5017,0.581,0.1866,synapse-1.2,"ant-1.7,camel-1.6,ivy-2.0,jedit-4.3,log4j-1.2,lucene-2.4,poi-3.0,velocity-1.6,xerces-1.4",245
velocity-1.6,0.5,0.6286,0.4833,0.3816,0.4265,0.6039,0.484,0.5751,0.1598,velocity-1.6,"ant-1.7,camel-1.6,ivy-2.0,jedit-4.3,log4j-1.2,lucene-2.4,poi-3.0,synapse-1.2,xerces-1.4",210
xerces-1.4,0.5,0.3671,0.9451,0.2376,0.3797,0.6591,0.9019,0.5883,0.1698,xerces-1.4,"ant-1.7,camel-1.6,ivy-2.0,jedit-4.3,log4j-1.2,lucene-2.4,poi-3.0,synapse-1.2,velocity-1.6",444
