Model,Experiment,CV_Accuracy_Mean,CV_Accuracy_Std,CV_Precision_Mean,CV_Recall_Mean,CV_F1_Mean,CV_F1_Std,CV_ROC_AUC_Mean,CV_PR_AUC_Mean,CV_Balanced_Acc_Mean
LogReg,A_NoImbalance,0.6582,0.0091,0.6078,0.2805,0.3835,0.0163,0.6572,0.5465,0.5847
DTree,A_NoImbalance,0.6012,0.0238,0.4754,0.4802,0.4773,0.0262,0.5777,0.4264,0.5776
RF,A_NoImbalance,0.6603,0.0197,0.579,0.4018,0.4732,0.0134,0.6556,0.5598,0.61
ExtraTrees,A_NoImbalance,0.6561,0.0188,0.565,0.426,0.4845,0.0132,0.6558,0.5318,0.6113
RF_Balanced,A_NoImbalance,0.6597,0.0206,0.5789,0.3905,0.4658,0.0176,0.6532,0.558,0.6073
BalancedRF,A_NoImbalance,0.6352,0.0189,0.5203,0.5222,0.5207,0.0149,0.6575,0.5641,0.6132
SVM,A_NoImbalance,0.6643,0.0106,0.649,0.2595,0.369,0.0202,0.6608,0.5517,0.5856
XGBoost,A_NoImbalance,0.6355,0.0191,0.5253,0.4155,0.4638,0.0241,0.6444,0.5475,0.5927
LightGBM,A_NoImbalance,0.6603,0.0214,0.577,0.3961,0.4695,0.03,0.6562,0.5622,0.6089
HistGB,A_NoImbalance,0.6619,0.0179,0.5835,0.3896,0.4666,0.0163,0.6592,0.5641,0.6089
MLP,A_NoImbalance,0.6751,0.02,0.5975,0.4309,0.4996,0.0494,0.6729,0.5876,0.6275
LogReg,B_ClassWeight,0.6582,0.0091,0.6078,0.2805,0.3835,0.0163,0.6572,0.5465,0.5847
DTree,B_ClassWeight,0.6012,0.0238,0.4754,0.4802,0.4773,0.0262,0.5777,0.4264,0.5776
RF,B_ClassWeight,0.6603,0.0197,0.579,0.4018,0.4732,0.0134,0.6556,0.5598,0.61
ExtraTrees,B_ClassWeight,0.6561,0.0188,0.565,0.426,0.4845,0.0132,0.6558,0.5318,0.6113
RF_Balanced,B_ClassWeight,0.6597,0.0206,0.5789,0.3905,0.4658,0.0176,0.6532,0.558,0.6073
BalancedRF,B_ClassWeight,0.6352,0.0189,0.5203,0.5222,0.5207,0.0149,0.6575,0.5641,0.6132
SVM,B_ClassWeight,0.6643,0.0106,0.649,0.2595,0.369,0.0202,0.6608,0.5517,0.5856
XGBoost,B_ClassWeight,0.6355,0.0191,0.5253,0.4155,0.4638,0.0241,0.6444,0.5475,0.5927
LightGBM,B_ClassWeight,0.6603,0.0214,0.577,0.3961,0.4695,0.03,0.6562,0.5622,0.6089
HistGB,B_ClassWeight,0.6619,0.0179,0.5835,0.3896,0.4666,0.0163,0.6592,0.5641,0.6089
MLP,B_ClassWeight,0.6751,0.02,0.5975,0.4309,0.4996,0.0494,0.6729,0.5876,0.6275
LogReg,C_SMOTE,0.6284,0.0232,0.5096,0.5764,0.5408,0.0229,0.6561,0.5455,0.6183
DTree,C_SMOTE,0.5757,0.0284,0.4432,0.4576,0.4502,0.0314,0.5527,0.4099,0.5528
RF,C_SMOTE,0.649,0.0246,0.5422,0.5061,0.5229,0.0196,0.6568,0.5617,0.6212
ExtraTrees,C_SMOTE,0.6502,0.0218,0.5468,0.4867,0.5136,0.0153,0.6556,0.5304,0.6184
RF_Balanced,C_SMOTE,0.649,0.0246,0.5422,0.5061,0.5229,0.0196,0.6568,0.5617,0.6212
BalancedRF,C_SMOTE,0.6475,0.0214,0.5395,0.5077,0.5224,0.0143,0.6589,0.5642,0.6203
SVM,C_SMOTE,0.6432,0.0219,0.5302,0.5279,0.5287,0.0267,0.6635,0.5524,0.6207
XGBoost,C_SMOTE,0.6303,0.0277,0.5158,0.477,0.4951,0.0263,0.6476,0.5533,0.6005
LightGBM,C_SMOTE,0.6438,0.0224,0.5346,0.4842,0.508,0.0238,0.6601,0.5691,0.6127
HistGB,C_SMOTE,0.6383,0.0254,0.5262,0.4859,0.505,0.0276,0.6576,0.5702,0.6086
MLP,C_SMOTE,0.6395,0.0152,0.5265,0.498,0.5105,0.0308,0.6616,0.5677,0.612
LogReg,D_BorderlineSMOTE,0.6134,0.0196,0.4926,0.6022,0.5415,0.0203,0.6544,0.5454,0.6112
DTree,D_BorderlineSMOTE,0.5803,0.0199,0.4508,0.4802,0.4648,0.016,0.5612,0.4141,0.5608
RF,D_BorderlineSMOTE,0.6441,0.0283,0.534,0.5158,0.5242,0.026,0.6552,0.5581,0.6191
ExtraTrees,D_BorderlineSMOTE,0.6447,0.0167,0.5362,0.4964,0.5145,0.0098,0.6531,0.5285,0.6158
RF_Balanced,D_BorderlineSMOTE,0.6441,0.0283,0.534,0.5158,0.5242,0.026,0.6552,0.5581,0.6191
BalancedRF,D_BorderlineSMOTE,0.6444,0.0324,0.5358,0.5126,0.5231,0.0299,0.6536,0.5536,0.6187
SVM,D_BorderlineSMOTE,0.63,0.0244,0.5122,0.544,0.5271,0.0276,0.6578,0.5446,0.6132
XGBoost,D_BorderlineSMOTE,0.6217,0.0282,0.5023,0.4705,0.4858,0.0325,0.643,0.5436,0.5923
LightGBM,D_BorderlineSMOTE,0.6416,0.0333,0.5322,0.4907,0.5103,0.0345,0.6578,0.5613,0.6123
HistGB,D_BorderlineSMOTE,0.6361,0.0177,0.5223,0.4964,0.5087,0.0147,0.655,0.5587,0.6089
MLP,D_BorderlineSMOTE,0.6285,0.0334,0.5134,0.5562,0.5304,0.0396,0.6567,0.5609,0.6144
