Project,Samples,Defect_Pct,Threshold,Accuracy,Precision,Recall,F1,ROC_AUC,PR_AUC,Balanced_Acc,MCC
ant-1.7,745,22.9,0.3,0.7862,0.525,0.6364,0.5753,0.8271,0.6432,0.7334,0.4378
camel-1.6,965,20.8,0.3,0.7345,0.3611,0.3514,0.3562,0.6973,0.4018,0.5935,0.189
ivy-2.0,352,11.6,0.3,0.8261,0.3333,0.5,0.4,0.8115,0.4668,0.6844,0.3116
jedit-4.3,492,1.7,0.3,0.9688,0.0,0.0,0.0,0.6011,0.18,0.4947,-0.015
log4j-1.2,205,92.6,0.3,0.9268,0.9487,0.9737,0.961,0.9035,0.9919,0.6535,0.3712
lucene-2.4,340,59.2,0.3,0.7353,0.7292,0.875,0.7955,0.8768,0.9251,0.7054,0.4436
poi-3.0,442,63.9,0.3,0.7037,0.7414,0.8269,0.7818,0.7924,0.8927,0.6548,0.3293
synapse-1.2,256,35.1,0.3,0.7551,0.6471,0.6471,0.6471,0.8125,0.775,0.7298,0.4596
velocity-1.6,229,36.0,0.3,0.5349,0.4,0.6667,0.5,0.6667,0.5664,0.5655,0.1265
xerces-1.4,588,77.1,0.3,0.8673,0.9091,0.9211,0.915,0.9055,0.971,0.8014,0.613
