Model,Threshold,Accuracy,Precision,Recall,F1,ROC-AUC,PR-AUC,Balanced_Acc,MCC,Samples,Defect_Pct,Warning
ant-1.7,0.6,0.8425,0.7015,0.5663,0.6267,0.847,0.6764,0.7464,0.5331,711,23.3,
camel-1.6,0.6,0.8188,0.7059,0.2609,0.381,0.7944,0.5398,0.6157,0.3516,861,21.4,
ivy-2.0,0.6,0.8879,0.52,0.65,0.5778,0.8894,0.5884,0.7849,0.5183,339,11.8,
jedit-4.3,0.6,0.8415,0.0417,0.375,0.075,0.6676,0.184,0.6123,0.0807,467,1.7,
log4j-1.2,0.6,0.33,0.9811,0.2811,0.437,0.7326,0.9688,0.6072,0.128,200,92.5,
lucene-2.4,0.6,0.628,0.8491,0.4523,0.5902,0.8058,0.8542,0.6677,0.3548,336,59.2,
poi-3.0,0.6,0.7626,0.9297,0.6798,0.7854,0.8904,0.9419,0.7945,0.567,396,63.9,
synapse-1.2,0.6,0.7388,0.75,0.3837,0.5077,0.8194,0.723,0.6573,0.3911,245,35.1,
velocity-1.6,0.6,0.7381,0.7333,0.4342,0.5455,0.7618,0.6463,0.6723,0.4036,210,36.2,
xerces-1.4,0.6,0.5563,0.994,0.4586,0.6276,0.902,0.9743,0.7232,0.3576,444,81.5,
