Model,Threshold,CV_Accuracy,CV_F1,CV_Recall,Test_Accuracy,Test_Balanced_Accuracy,Test_Precision,Test_Recall,Test_F1,Test_ROC_AUC
RandomForest_leaf1_sqrt__CK_7,0.5399999999999998,0.8186968838526912,0.8584070796460177,0.8660714285714286,0.7752808988764045,0.7697368421052632,0.8490566037735849,0.7894736842105263,0.8181818181818182,0.8785635964912281
XGBoost_depth2__All_raw_20,0.5199999999999998,0.8215297450424929,0.8571428571428571,0.84375,0.8426966292134831,0.8497807017543859,0.9215686274509803,0.8245614035087719,0.8703703703703703,0.9026864035087718
ExtraTrees_leaf2_sqrt__All_raw_plus_engineered,0.5199999999999998,0.8186968838526912,0.8571428571428571,0.8571428571428571,0.797752808988764,0.7872807017543859,0.8545454545454545,0.8245614035087719,0.8392857142857143,0.909813596491228
XGBoost_recall_weighted__All_raw_20,0.7599999999999997,0.8186968838526912,0.8545454545454545,0.8392857142857143,0.8202247191011236,0.8185307017543859,0.8867924528301887,0.8245614035087719,0.8545454545454545,0.9032346491228069
XGBoost_depth3__All_raw_20,0.5799999999999997,0.8215297450424929,0.8538283062645011,0.8214285714285714,0.8202247191011236,0.8322368421052632,0.9183673469387755,0.7894736842105263,0.8490566037735849,0.9141995614035088
ExtraTrees_balanced__All_raw_plus_engineered,0.45999999999999985,0.8158640226628895,0.8532731376975169,0.84375,0.797752808988764,0.7872807017543859,0.8545454545454545,0.8245614035087719,0.8392857142857143,0.9120065789473684
XGBoost_recall_weighted__All_raw_plus_engineered,0.8199999999999996,0.8215297450424929,0.8531468531468531,0.8169642857142857,0.8089887640449438,0.8166118421052632,0.9,0.7894736842105263,0.8411214953271028,0.9054276315789473
RandomForest_leaf2_sqrt__All_raw_plus_engineered,0.5999999999999998,0.8186968838526912,0.8525345622119815,0.8258928571428571,0.797752808988764,0.8078399122807017,0.8979591836734694,0.7719298245614035,0.8301886792452831,0.8950109649122806
LightGBM_leaf7__All_raw_plus_engineered,0.6199999999999998,0.8186968838526912,0.8525345622119815,0.8258928571428571,0.797752808988764,0.7941337719298245,0.8679245283018868,0.8070175438596491,0.8363636363636363,0.9114583333333333
RandomForest_leaf1_sqrt__All_raw_plus_engineered,0.5999999999999998,0.8158640226628895,0.8519362186788155,0.8348214285714286,0.7865168539325843,0.7990679824561404,0.8958333333333334,0.7543859649122807,0.819047619047619,0.8889802631578947
XGBoost_depth2__All_raw_plus_engineered,0.5699999999999997,0.8158640226628895,0.8505747126436781,0.8258928571428571,0.8539325842696629,0.8585526315789473,0.9230769230769231,0.8421052631578947,0.8807339449541285,0.9109100877192983
RandomForest_leaf2_all__All_raw_plus_engineered,0.5499999999999998,0.8130311614730878,0.85,0.8348214285714286,0.7865168539325843,0.7922149122807017,0.88,0.7719298245614035,0.822429906542056,0.8878837719298246
RandomForest_leaf1_sqrt__All_raw_20,0.44999999999999984,0.8045325779036827,0.8496732026143791,0.8705357142857143,0.8426966292134831,0.8292214912280702,0.8771929824561403,0.8771929824561403,0.8771929824561403,0.9046052631578947
RandomForest_leaf2_sqrt__All_raw_20,0.5499999999999998,0.8130311614730878,0.8493150684931506,0.8303571428571429,0.8202247191011236,0.8253837719298245,0.9019607843137255,0.8070175438596491,0.8518518518518519,0.9048793859649122
RandomForest_leaf2_sqrt__CK_7,0.44999999999999984,0.8016997167138811,0.8491379310344828,0.8794642857142857,0.7865168539325843,0.7716557017543859,0.8392857142857143,0.8245614035087719,0.831858407079646,0.8834978070175439
LightGBM_leaf15__All_raw_plus_engineered,0.6199999999999998,0.8101983002832861,0.8487584650112867,0.8392857142857143,0.7752808988764045,0.7765899122807017,0.8627450980392157,0.7719298245614035,0.8148148148148148,0.9021381578947367
RandomForest_balanced__CK_7,0.44999999999999984,0.8101983002832861,0.8487584650112867,0.8392857142857143,0.8202247191011236,0.8253837719298245,0.9019607843137255,0.8070175438596491,0.8518518518518519,0.8774671052631579
HistGradientBoosting__All_raw_plus_engineered,0.5999999999999998,0.8101983002832861,0.8487584650112867,0.8392857142857143,0.797752808988764,0.7941337719298245,0.8679245283018868,0.8070175438596491,0.8363636363636363,0.9065241228070176
RandomForest_balanced__All_raw_20,0.5,0.8130311614730878,0.8486238532110092,0.8258928571428571,0.797752808988764,0.8078399122807017,0.8979591836734694,0.7719298245614035,0.8301886792452831,0.9065241228070176
LightGBM_recall_weighted__All_raw_plus_engineered,0.5099999999999998,0.8130311614730878,0.8486238532110092,0.8258928571428571,0.797752808988764,0.7872807017543859,0.8545454545454545,0.8245614035087719,0.8392857142857143,0.903234649122807
ExtraTrees_leaf2_sqrt__All_raw_20,0.4199999999999998,0.7960339943342776,0.8481012658227848,0.8973214285714286,0.8089887640449438,0.7823464912280702,0.8333333333333334,0.8771929824561403,0.8547008547008547,0.9109100877192982
ExtraTrees_balanced__All_raw_20,0.33999999999999986,0.7960339943342776,0.8481012658227848,0.8973214285714286,0.8089887640449438,0.7823464912280702,0.8333333333333334,0.8771929824561403,0.8547008547008547,0.9125548245614035
RandomForest_balanced__All_raw_plus_engineered,0.45999999999999985,0.8101983002832861,0.8480725623582767,0.8348214285714286,0.8089887640449438,0.8097587719298245,0.8846153846153846,0.8070175438596491,0.8440366972477065,0.8977521929824561
ExtraTrees_leaf1_sqrt__All_raw_20,0.5,0.8016997167138811,0.8478260869565217,0.8705357142857143,0.8202247191011236,0.8048245614035088,0.8596491228070176,0.8596491228070176,0.8596491228070176,0.9268092105263157
ExtraTrees_leaf2_all__CK_7,0.45999999999999985,0.7960339943342776,0.847457627118644,0.8928571428571429,0.8202247191011236,0.7911184210526316,0.8360655737704918,0.8947368421052632,0.864406779661017,0.8895285087719298
ExtraTrees_leaf2_all__All_raw_20,0.3899999999999999,0.7903682719546742,0.8471074380165289,0.9151785714285714,0.8314606741573034,0.7930372807017544,0.828125,0.9298245614035088,0.8760330578512396,0.9268092105263158
ExtraTrees_leaf2_all__All_raw_plus_engineered,0.5299999999999998,0.8045325779036827,0.8470066518847007,0.8526785714285714,0.7865168539325843,0.7853618421052632,0.8653846153846154,0.7894736842105263,0.8256880733944955,0.9166666666666667
XGBoost_depth3__All_raw_plus_engineered,0.45999999999999985,0.8045325779036827,0.8463251670378619,0.8482142857142857,0.8426966292134831,0.8360745614035088,0.8909090909090909,0.8596491228070176,0.875,0.909265350877193
RandomForest_leaf2_all__All_raw_20,0.5399999999999998,0.8073654390934845,0.8461538461538461,0.8348214285714286,0.797752808988764,0.8078399122807017,0.8979591836734694,0.7719298245614035,0.8301886792452831,0.8944627192982455
ExtraTrees_leaf1_sqrt__All_raw_plus_engineered,0.5099999999999998,0.7932011331444759,0.8423326133909287,0.8705357142857143,0.797752808988764,0.7735745614035088,0.8305084745762712,0.8596491228070176,0.8448275862068966,0.912828947368421
ExtraTrees_leaf2_sqrt__CK_7,0.48999999999999977,0.7875354107648725,0.8421052631578947,0.8928571428571429,0.7865168539325843,0.7442434210526316,0.796875,0.8947368421052632,0.8429752066115702,0.8791118421052632
HistGradientBoosting__All_raw_20,0.5299999999999998,0.7988668555240793,0.8418708240534521,0.84375,0.8539325842696629,0.8585526315789473,0.9230769230769231,0.8421052631578947,0.8807339449541285,0.9229714912280702
ExtraTrees_leaf1_sqrt__CK_7,0.5199999999999998,0.7932011331444759,0.841648590021692,0.8660714285714286,0.7865168539325843,0.7579495614035088,0.8166666666666667,0.8596491228070176,0.8376068376068376,0.8558114035087719
ExtraTrees_balanced__CK_7,0.43999999999999984,0.7960339943342776,0.8414096916299559,0.8526785714285714,0.7865168539325843,0.7716557017543859,0.8392857142857143,0.8245614035087719,0.831858407079646,0.884046052631579
XGBoost_recall_weighted__CK_7,0.7999999999999996,0.8016997167138811,0.8394495412844036,0.8169642857142857,0.8089887640449438,0.8097587719298245,0.8846153846153846,0.8070175438596491,0.8440366972477065,0.8791118421052632
LightGBM_leaf7__All_raw_20,0.6299999999999997,0.8045325779036827,0.8391608391608392,0.8035714285714286,0.797752808988764,0.8078399122807017,0.8979591836734694,0.7719298245614035,0.8301886792452831,0.9065241228070176
SVM__All_raw_plus_engineered,0.5099999999999998,0.7903682719546742,0.8391304347826087,0.8616071428571429,0.7865168539325843,0.7510964912280702,0.8064516129032258,0.8771929824561403,0.8403361344537815,0.8286732456140351
LightGBM_recall_weighted__All_raw_20,0.5499999999999998,0.8016997167138811,0.8387096774193549,0.8125,0.797752808988764,0.8078399122807017,0.8979591836734694,0.7719298245614035,0.8301886792452831,0.9103618421052632
LightGBM_leaf15__CK_7,0.3199999999999999,0.7818696883852692,0.8385744234800838,0.8928571428571429,0.7752808988764045,0.7354714912280702,0.7936507936507936,0.8771929824561403,0.8333333333333334,0.8665021929824561
RandomForest_leaf2_all__CK_7,0.3599999999999999,0.7790368271954674,0.8375,0.8973214285714286,0.7191011235955056,0.6779057017543859,0.7580645161290323,0.8245614035087719,0.7899159663865546,0.8681469298245613
LightGBM_leaf15__All_raw_20,0.47999999999999976,0.7932011331444759,0.8374164810690423,0.8392857142857143,0.8089887640449438,0.8029057017543859,0.8703703703703703,0.8245614035087719,0.8468468468468469,0.8988486842105263
XGBoost_depth2__CK_7,0.4199999999999998,0.7875354107648725,0.8373101952277657,0.8616071428571429,0.797752808988764,0.7735745614035088,0.8305084745762712,0.8596491228070176,0.8448275862068966,0.8813048245614035
LightGBM_recall_weighted__CK_7,0.2599999999999999,0.7818696883852692,0.8365180467091295,0.8794642857142857,0.7865168539325843,0.7510964912280702,0.8064516129032258,0.8771929824561403,0.8403361344537815,0.8719846491228069
SVM__All_raw_20,0.33999999999999986,0.773371104815864,0.8360655737704918,0.9107142857142857,0.7640449438202247,0.7198464912280702,0.78125,0.8771929824561403,0.8264462809917356,0.8094846491228069
XGBoost_depth3__CK_7,0.5199999999999998,0.7932011331444759,0.835214446952596,0.8258928571428571,0.8202247191011236,0.8253837719298245,0.9019607843137255,0.8070175438596491,0.8518518518518519,0.8911732456140351
LightGBM_leaf7__CK_7,0.2599999999999999,0.7677053824362606,0.8340080971659919,0.9196428571428571,0.7752808988764045,0.721765350877193,0.7761194029850746,0.9122807017543859,0.8387096774193549,0.8703399122807017
SVM__CK_7,0.3899999999999999,0.7592067988668555,0.8289738430583501,0.9196428571428571,0.7415730337078652,0.674890350877193,0.7428571428571429,0.9122807017543859,0.8188976377952756,0.8078399122807017
DecisionTree__All_raw_20,0.5,0.7762039660056658,0.8286334056399133,0.8526785714285714,0.8089887640449438,0.8097587719298245,0.8846153846153846,0.8070175438596491,0.8440366972477065,0.8188048245614036
DecisionTree__All_raw_plus_engineered,0.32999999999999985,0.7705382436260623,0.8272921108742004,0.8660714285714286,0.7865168539325843,0.7442434210526316,0.796875,0.8947368421052632,0.8429752066115702,0.7727521929824561
HistGradientBoosting__CK_7,0.17999999999999997,0.7535410764872521,0.827037773359841,0.9285714285714286,0.7865168539325843,0.7305372807017544,0.7794117647058824,0.9298245614035088,0.848,0.8867872807017544
DecisionTree__CK_7,0.19999999999999996,0.7507082152974505,0.8204081632653061,0.8973214285714286,0.7078651685393258,0.6348684210526316,0.7183098591549296,0.8947368421052632,0.796875,0.7563048245614035
Majority_baseline,0.5,0.6345609065155807,0.7764298093587522,1.0,0.6404494382022472,0.5,0.6404494382022472,1.0,0.7808219178082192,0.5
