Model,Threshold,Train_CV_F1,Train_CV_Recall,Test_Accuracy,Test_Precision,Test_Recall,Test_F1,Test_ROC_AUC,Test_Balanced_Accuracy
ExtraTrees_leaf2_sqrt__All_raw_20,0.46999999999999986,0.8793774319066148,0.9112903225806451,0.665158371040724,0.740072202166065,0.7295373665480427,0.7347670250896058,0.6683207709820738,0.6411661988019717
RandomForest_leaf2_all__All_raw_20,0.3699999999999999,0.8733459357277883,0.9314516129032258,0.6447963800904978,0.7137931034482758,0.7366548042704626,0.7250437828371279,0.6671603191795052,0.6105634269799518
RandomForest_balanced__All_raw_20,0.3799999999999999,0.87279843444227,0.8991935483870968,0.6606334841628959,0.73992673992674,0.7188612099644128,0.7292418772563177,0.6712163745275304,0.6389337105722686
ExtraTrees_leaf2_sqrt__All_raw_plus_engineered,0.46999999999999986,0.8725868725868726,0.9112903225806451,0.665158371040724,0.7435897435897436,0.7224199288256228,0.7328519855595668,0.6864127671802128,0.6438186600649853
RandomForest_leaf2_sqrt__All_raw_20,0.44999999999999984,0.872093023255814,0.907258064516129,0.669683257918552,0.7454545454545455,0.7295373665480427,0.737410071942446,0.6735593819765257,0.6473773789261952
RandomForest_balanced__All_raw_plus_engineered,0.3599999999999999,0.872093023255814,0.907258064516129,0.6561085972850679,0.7279151943462897,0.7330960854092526,0.7304964539007093,0.6988240755067305,0.6274176079220176
RandomForest_leaf2_all__All_raw_plus_engineered,0.3999999999999998,0.8714011516314779,0.9153225806451613,0.6493212669683258,0.721830985915493,0.7295373665480427,0.7256637168141593,0.7046373864415022,0.619427068367189
ExtraTrees_leaf2_all__All_raw_20,0.5,0.8709677419354839,0.8709677419354839,0.6561085972850679,0.7362637362637363,0.7153024911032029,0.7256317689530686,0.6040096372759222,0.6340487610795518
XGBoost_depth3__All_raw_20,0.5299999999999998,0.8702594810379242,0.8790322580645161,0.6244343891402715,0.7327935222672065,0.6441281138790036,0.6856060606060606,0.6387458278994717,0.617095112840123
XGBoost_depth2__All_raw_20,0.5499999999999998,0.869215291750503,0.8709677419354839,0.6447963800904978,0.748,0.6654804270462633,0.704331450094162,0.6648946751840146,0.6370880396100882
RandomForest_leaf2_sqrt__All_raw_plus_engineered,0.4099999999999998,0.8685714285714285,0.9193548387096774,0.6628959276018099,0.7340425531914894,0.7366548042704626,0.7353463587921847,0.7140867796909882,0.6354081474768463
ExtraTrees_leaf2_all__All_raw_plus_engineered,0.5299999999999998,0.8683127572016461,0.8508064516129032,0.6515837104072398,0.7414448669201521,0.693950177935943,0.7169117647058824,0.6311310536902367,0.635794964744369
LightGBM_leaf15__All_raw_20,0.3899999999999999,0.8682170542635659,0.9032258064516129,0.6493212669683258,0.7333333333333333,0.7046263345195729,0.7186932849364791,0.6224663468977255,0.6287106827877368
RandomForest_leaf1_sqrt__All_raw_20,0.4099999999999998,0.8680688336520076,0.9153225806451613,0.6628959276018099,0.7357142857142858,0.7330960854092526,0.7344028520499108,0.6602418160518115,0.636734378108353
ExtraTrees_leaf1_sqrt__All_raw_20,0.45999999999999985,0.8678500986193294,0.8870967741935484,0.6583710407239819,0.7321428571428571,0.7295373665480427,0.7308377896613191,0.6272960367807963,0.6318494286156362
ExtraTrees_leaf1_sqrt__All_raw_plus_engineered,0.45999999999999985,0.8671875,0.8951612903225806,0.6561085972850679,0.7328519855595668,0.7224199288256228,0.7275985663082437,0.6461506155920516,0.6313962998165381
RandomForest_leaf1_sqrt__All_raw_plus_engineered,0.4099999999999998,0.8669201520912547,0.9193548387096774,0.6583710407239819,0.7304964539007093,0.7330960854092526,0.7317939609236235,0.6978625582988882,0.6305231979841295
HistGradientBoosting__All_raw_20,0.6499999999999997,0.8666666666666667,0.8387096774193549,0.579185520361991,0.7230046948356808,0.5480427046263345,0.6234817813765182,0.6259366503835018,0.5907915386485709
LightGBM_recall_weighted__All_raw_20,0.4099999999999998,0.8662674650698603,0.875,0.6221719457013575,0.7317073170731707,0.6405693950177936,0.683111954459203,0.621206427797794,0.6153157534095179
ExtraTrees_balanced__All_raw_plus_engineered,0.3599999999999999,0.8657844990548205,0.9233870967741935,0.6583710407239819,0.7304964539007093,0.7330960854092526,0.7317939609236235,0.6931212837912512,0.6305231979841295
ExtraTrees_balanced__All_raw_20,0.4199999999999998,0.8657314629258517,0.8709677419354839,0.665158371040724,0.7472118959107806,0.7153024911032029,0.730909090909091,0.6718794898432838,0.646471121327999
LightGBM_leaf15__All_raw_plus_engineered,0.5699999999999997,0.8636363636363636,0.842741935483871,0.6538461538461539,0.75,0.6832740213523132,0.7150837988826816,0.6494219844831015,0.6428792467010014
XGBoost_recall_weighted__All_raw_plus_engineered,0.6799999999999997,0.8626692456479691,0.8991935483870968,0.6742081447963801,0.7306397306397306,0.7722419928825622,0.7508650519031141,0.7035432461705091,0.6376737914723369
HistGradientBoosting__All_raw_plus_engineered,0.13999999999999999,0.8602540834845736,0.9556451612903226,0.6561085972850679,0.7087378640776699,0.7793594306049823,0.7423728813559322,0.6797705621007494,0.610176609712429
SVM__All_raw_20,0.3999999999999998,0.8598130841121495,0.9274193548387096,0.669683257918552,0.7076923076923077,0.8185053380782918,0.759075907590759,0.6804778851042197,0.6142216131385247
XGBoost_depth3__All_raw_plus_engineered,0.5799999999999997,0.859504132231405,0.8387096774193549,0.6493212669683258,0.7540322580645161,0.6654804270462633,0.7069943289224953,0.6715921398731239,0.6432992197343117
XGBoost_recall_weighted__All_raw_20,0.7599999999999997,0.8588469184890656,0.8709677419354839,0.6561085972850679,0.7380073800738007,0.7117437722419929,0.7246376811594203,0.6578656528370284,0.6353749917110585
LightGBM_leaf7__All_raw_plus_engineered,0.24999999999999992,0.8576709796672828,0.9354838709677419,0.6628959276018099,0.7101910828025477,0.7935943060498221,0.7495798319327731,0.6794500563648018,0.6141884573727371
XGBoost_depth2__All_raw_plus_engineered,0.5599999999999997,0.8571428571428571,0.8467741935483871,0.665158371040724,0.7607843137254902,0.6903914590747331,0.7238805970149254,0.7012112906434429,0.6557547357485467
LightGBM_leaf7__All_raw_20,0.5099999999999998,0.8571428571428571,0.8588709677419355,0.6221719457013575,0.7298387096774194,0.6441281138790036,0.6843100189035917,0.6292964346499856,0.6139895227780111
LightGBM_recall_weighted__All_raw_plus_engineered,0.14999999999999997,0.8555758683729433,0.9435483870967742,0.6719457013574661,0.7098765432098766,0.8185053380782918,0.7603305785123967,0.6715147764196194,0.6173272032006366
DecisionTree__All_raw_plus_engineered,0.5099999999999998,0.8553971486761711,0.8467741935483871,0.5859728506787331,0.7168141592920354,0.5765124555160143,0.6390532544378699,0.6073031100108309,0.5894984637828519
RandomForest_leaf2_all__CK_7,0.4199999999999998,0.8544423440453687,0.9112903225806451,0.6764705882352942,0.7464285714285714,0.7437722419928826,0.7450980392156863,0.6833955924935347,0.6513892265865033
RandomForest_leaf2_sqrt__CK_7,0.3699999999999999,0.8503649635036497,0.9395161290322581,0.6968325791855203,0.7363344051446945,0.8149466192170819,0.7736486486486487,0.7173581485820385,0.6528149245153733
RandomForest_balanced__CK_7,0.34999999999999987,0.8500948766603416,0.9032258064516129,0.6764705882352942,0.7482014388489209,0.7402135231316725,0.7441860465116279,0.7131031586392873,0.6527154572180102
ExtraTrees_leaf2_all__CK_7,0.3999999999999998,0.8462998102466793,0.8991935483870968,0.6719457013574661,0.7312925170068028,0.7651245551601423,0.7478260869565218,0.6828651002409319,0.6372206626732388
ExtraTrees_leaf2_sqrt__CK_7,0.45999999999999985,0.8458781362007168,0.9516129032258065,0.7058823529411765,0.7201166180758017,0.8790035587188612,0.7916666666666666,0.7248181958842643,0.6413651333966977
ExtraTrees_balanced__CK_7,0.34999999999999987,0.8438061041292639,0.9475806451612904,0.7058823529411765,0.7214076246334311,0.8754448398576512,0.7909967845659164,0.7197232598748922,0.6426913640282045
SVM__All_raw_plus_engineered,0.3599999999999999,0.8424908424908425,0.9274193548387096,0.6719457013574661,0.706060606060606,0.8291814946619217,0.762684124386252,0.7208616078336023,0.6133485113061161
XGBoost_depth2__CK_7,0.4099999999999998,0.8423005565862709,0.9153225806451613,0.7013574660633484,0.72782874617737,0.8469750889679716,0.7828947368421053,0.7145509604120156,0.6470900289560355
RandomForest_leaf1_sqrt__CK_7,0.4099999999999998,0.8421052631578947,0.9032258064516129,0.6787330316742082,0.7509025270758123,0.7402135231316725,0.7455197132616488,0.7015428483013195,0.655821047280122
XGBoost_depth3__CK_7,0.32999999999999985,0.838475499092559,0.9314516129032258,0.7013574660633484,0.7210682492581603,0.8647686832740213,0.7864077669902912,0.7002718772794588,0.6404588757985014
LightGBM_leaf15__CK_7,0.29999999999999993,0.8372943327239488,0.9233870967741935,0.665158371040724,0.7209302325581395,0.7722419928825622,0.7457044673539519,0.6930549722596759,0.6252514312238898
ExtraTrees_leaf1_sqrt__CK_7,0.32999999999999985,0.8369565217391305,0.9314516129032258,0.665158371040724,0.7285223367697594,0.7544483985765125,0.7412587412587412,0.6635463407086493,0.631882584381424
SVM__CK_7,0.3599999999999999,0.8367729831144465,0.8991935483870968,0.7013574660633484,0.718475073313783,0.8718861209964412,0.7877813504823151,0.6699454035056698,0.6378064145354877
HistGradientBoosting__CK_7,0.4099999999999998,0.8365019011406845,0.8870967741935484,0.6719457013574661,0.7481751824817519,0.7295373665480427,0.7387387387387387,0.70225017130479,0.650482968988307
XGBoost_recall_weighted__CK_7,0.5999999999999998,0.8362989323843416,0.9475806451612904,0.6945701357466063,0.7073863636363636,0.8861209964412812,0.7867298578199052,0.7157998275900178,0.623184721823125
DecisionTree__All_raw_20,0.6699999999999997,0.8344086021505376,0.782258064516129,0.5701357466063348,0.7333333333333333,0.5088967971530249,0.6008403361344538,0.5975000552596096,0.5929577153466987
LightGBM_leaf7__CK_7,0.3699999999999999,0.8277153558052435,0.8911290322580645,0.667420814479638,0.7175324675324676,0.7864768683274022,0.7504244482173175,0.6894741495546076,0.6230520987599744
LightGBM_recall_weighted__CK_7,0.24999999999999992,0.8274582560296846,0.8991935483870968,0.669683257918552,0.7089783281733746,0.8149466192170819,0.7582781456953642,0.6857717557083176,0.6155478437700317
DecisionTree__CK_7,0.32999999999999985,0.8068181818181818,0.8588709677419355,0.6380090497737556,0.6957928802588996,0.7651245551601423,0.7288135593220338,0.6318162728498485,0.5906368117415619
