Exp,Thr,Accuracy,Precision,Recall,F1,ROC_AUC,PR_AUC,Bal_Acc,MCC
1_LGBM_CW_noSMOTE,0.4,0.6655,0.5339,0.7722,0.6313,0.7742,0.7042,0.6874,0.363
1_LGBM_CW_noSMOTE,0.45,0.6937,0.5689,0.7184,0.635,0.7742,0.7042,0.6987,0.3848
1_LGBM_CW_noSMOTE,0.5,0.7171,0.6126,0.6456,0.6287,0.7742,0.7042,0.7024,0.4008
1_LGBM_CW_noSMOTE,0.55,0.7277,0.6489,0.5791,0.612,0.7742,0.7042,0.6972,0.4049
1_LGBM_CW_noSMOTE,0.6,0.7418,0.7051,0.5222,0.6,0.7742,0.7042,0.6967,0.4258
1_LGBM_CW_noSMOTE,0.65,0.7371,0.7421,0.4462,0.5573,0.7742,0.7042,0.6774,0.4117
1_LGBM_CW_noSMOTE,0.7,0.7312,0.7881,0.3766,0.5096,0.7742,0.7042,0.6584,0.4008
2_XGB_CW_noSMOTE,0.4,0.6784,0.5459,0.7911,0.646,0.7802,0.7134,0.7015,0.3905
2_XGB_CW_noSMOTE,0.45,0.6984,0.5754,0.712,0.6365,0.7802,0.7134,0.7012,0.39
2_XGB_CW_noSMOTE,0.5,0.7136,0.6091,0.6361,0.6223,0.7802,0.7134,0.6977,0.3921
2_XGB_CW_noSMOTE,0.55,0.7254,0.6507,0.5601,0.602,0.7802,0.7134,0.6914,0.3967
2_XGB_CW_noSMOTE,0.6,0.7394,0.7061,0.5095,0.5919,0.7802,0.7134,0.6922,0.4195
2_XGB_CW_noSMOTE,0.65,0.743,0.7771,0.4304,0.554,0.7802,0.7134,0.6788,0.4276
2_XGB_CW_noSMOTE,0.7,0.7371,0.8151,0.3766,0.5152,0.7802,0.7134,0.6631,0.4182
3_HistGB_CW_noSMOTE,0.4,0.6725,0.5423,0.75,0.6295,0.7693,0.6899,0.6884,0.3642
3_HistGB_CW_noSMOTE,0.45,0.7066,0.5912,0.6772,0.6313,0.7693,0.6899,0.7005,0.3919
3_HistGB_CW_noSMOTE,0.5,0.7148,0.6151,0.6171,0.6161,0.7693,0.6899,0.6947,0.3892
3_HistGB_CW_noSMOTE,0.55,0.7312,0.6629,0.5601,0.6072,0.7693,0.6899,0.6961,0.4084
3_HistGB_CW_noSMOTE,0.6,0.723,0.6754,0.4873,0.5662,0.7693,0.6899,0.6746,0.3811
3_HistGB_CW_noSMOTE,0.65,0.7254,0.7253,0.4177,0.5301,0.7693,0.6899,0.6622,0.3824
3_HistGB_CW_noSMOTE,0.7,0.7277,0.78,0.3703,0.5021,0.7693,0.6899,0.6543,0.3915
4_Ensemble_CW_noSMOTE,0.4,0.6737,0.5415,0.7848,0.6408,0.7798,0.708,0.6965,0.3808
4_Ensemble_CW_noSMOTE,0.45,0.7031,0.5814,0.712,0.6401,0.7798,0.708,0.7049,0.3976
4_Ensemble_CW_noSMOTE,0.5,0.7218,0.6223,0.6361,0.6291,0.7798,0.708,0.7042,0.4067
4_Ensemble_CW_noSMOTE,0.55,0.73,0.6593,0.5633,0.6075,0.7798,0.708,0.6958,0.4066
4_Ensemble_CW_noSMOTE,0.6,0.7383,0.7085,0.5,0.5863,0.7798,0.708,0.6894,0.4162
4_Ensemble_CW_noSMOTE,0.65,0.743,0.765,0.443,0.5611,0.7798,0.708,0.6814,0.4267
4_Ensemble_CW_noSMOTE,0.7,0.7254,0.7887,0.3544,0.4891,0.7798,0.708,0.6492,0.3868
