Threshold,Accuracy,F1,Recall,Precision,Balanced_Acc,Model
0.1,0.3792,0.5499,1.0,0.3792,0.5,LightGBM_Tuned
0.15,0.3835,0.5514,0.9992,0.3808,0.5033,LightGBM_Tuned
0.2,0.4086,0.5569,0.9798,0.389,0.5198,LightGBM_Tuned
0.25,0.4595,0.5686,0.9394,0.4077,0.5529,LightGBM_Tuned
0.3,0.5141,0.5736,0.8618,0.4298,0.5817,LightGBM_Tuned
0.35,0.5638,0.5761,0.7817,0.4561,0.6062,LightGBM_Tuned
0.4,0.5996,0.5675,0.6928,0.4807,0.6178,LightGBM_Tuned
0.45,0.6272,0.5486,0.5974,0.5072,0.6214,LightGBM_Tuned
0.5,0.6591,0.5316,0.5101,0.555,0.6301,LightGBM_Tuned
0.55,0.6662,0.4947,0.4309,0.5806,0.6204,LightGBM_Tuned
0.6,0.6775,0.4594,0.3614,0.6305,0.616,LightGBM_Tuned
0.65,0.6769,0.4045,0.2894,0.6717,0.6015,LightGBM_Tuned
0.7,0.672,0.3411,0.2239,0.7158,0.5848,LightGBM_Tuned
0.75,0.6582,0.2532,0.1528,0.7383,0.5599,LightGBM_Tuned
0.8,0.6432,0.1479,0.0816,0.7829,0.5339,LightGBM_Tuned
0.1,0.3817,0.5499,0.996,0.3798,0.5012,XGBoost_Tuned
0.15,0.3976,0.5533,0.9838,0.3849,0.5117,XGBoost_Tuned
0.2,0.4249,0.558,0.9572,0.3937,0.5285,XGBoost_Tuned
0.25,0.469,0.5704,0.9297,0.4114,0.5587,XGBoost_Tuned
0.3,0.5162,0.5785,0.8755,0.432,0.5861,XGBoost_Tuned
0.35,0.5582,0.5758,0.7906,0.4528,0.6035,XGBoost_Tuned
0.4,0.5966,0.5639,0.688,0.4778,0.6143,XGBoost_Tuned
0.45,0.6337,0.5513,0.5934,0.5147,0.6258,XGBoost_Tuned
0.5,0.6594,0.5282,0.5028,0.5564,0.6289,XGBoost_Tuned
0.55,0.6704,0.4903,0.4179,0.5929,0.6213,XGBoost_Tuned
0.6,0.6763,0.4517,0.3517,0.6313,0.6131,XGBoost_Tuned
0.65,0.6766,0.3975,0.2813,0.677,0.5997,XGBoost_Tuned
0.7,0.6729,0.341,0.2231,0.7225,0.5854,XGBoost_Tuned
0.75,0.6576,0.2558,0.1552,0.7273,0.5598,XGBoost_Tuned
0.8,0.6447,0.1632,0.0914,0.7635,0.537,XGBoost_Tuned
0.1,0.3795,0.5496,0.9984,0.3792,0.4999,BalancedRF_Tuned
0.15,0.3829,0.551,0.9984,0.3805,0.5026,BalancedRF_Tuned
0.2,0.3936,0.5533,0.9903,0.3839,0.5097,BalancedRF_Tuned
0.25,0.4123,0.5549,0.966,0.3893,0.5201,BalancedRF_Tuned
0.3,0.451,0.5633,0.9337,0.4033,0.5449,BalancedRF_Tuned
0.35,0.5003,0.566,0.8593,0.422,0.5702,BalancedRF_Tuned
0.4,0.554,0.5587,0.7445,0.4471,0.591,BalancedRF_Tuned
0.45,0.6174,0.5552,0.6297,0.4965,0.6198,BalancedRF_Tuned
0.5,0.6478,0.525,0.5133,0.5372,0.6216,BalancedRF_Tuned
0.55,0.6704,0.4932,0.4228,0.5916,0.6223,BalancedRF_Tuned
0.6,0.6757,0.4518,0.3525,0.6291,0.6128,BalancedRF_Tuned
0.65,0.6754,0.3896,0.2732,0.6787,0.5971,BalancedRF_Tuned
0.7,0.6665,0.3123,0.1997,0.7159,0.5756,BalancedRF_Tuned
0.75,0.6524,0.2254,0.1334,0.7269,0.5514,BalancedRF_Tuned
0.8,0.6373,0.1269,0.0695,0.7288,0.5269,BalancedRF_Tuned
0.1,0.4111,0.5577,0.979,0.3899,0.5216,LightGBM_Baseline
0.15,0.4457,0.5612,0.9345,0.401,0.5408,LightGBM_Baseline
0.2,0.488,0.5674,0.8852,0.4175,0.5653,LightGBM_Baseline
0.25,0.5242,0.5655,0.8165,0.4325,0.5811,LightGBM_Baseline
0.3,0.5665,0.5702,0.7583,0.4569,0.6038,LightGBM_Baseline
0.35,0.5822,0.5467,0.6645,0.4644,0.5982,LightGBM_Baseline
0.4,0.6058,0.5394,0.6087,0.4842,0.6063,LightGBM_Baseline
0.45,0.6245,0.5217,0.54,0.5045,0.608,LightGBM_Baseline
0.5,0.6438,0.5076,0.4842,0.5334,0.6127,LightGBM_Baseline
0.55,0.6527,0.4757,0.4155,0.5563,0.6065,LightGBM_Baseline
0.6,0.6643,0.4517,0.3646,0.5934,0.606,LightGBM_Baseline
0.65,0.6698,0.42,0.3153,0.629,0.6008,LightGBM_Baseline
0.7,0.6692,0.3767,0.2635,0.6599,0.5903,LightGBM_Baseline
0.75,0.6662,0.3274,0.2142,0.6937,0.5782,LightGBM_Baseline
0.8,0.6609,0.2743,0.169,0.7282,0.5652,LightGBM_Baseline
